Issue ID,Description,State,Severity,Story Points,Project Path,Location Kind,Path,Line,Column,Incident ID,Help Link,Assembly Name,Assembly Version,Assembly Public Key,Snippet
Project.0001,Project file needs to be converted to SDK-style,Active,Mandatory,1,WindowsFormsApp2\SimConnect_To_IP.csproj,File,WindowsFormsApp2\SimConnect_To_IP.csproj,,,,,,,,
Project.0002,Project's target framework(s) needs to be changed,Active,Mandatory,1,WindowsFormsApp2\SimConnect_To_IP.csproj,File,WindowsFormsApp2\SimConnect_To_IP.csproj,,,,,,,,"Current target framework: .NETFramework,Version=v4.8 Recommended target framework: net10.0-windows"
Api.0001,Binary incompatible for selected .NET version,Active,Mandatory,1,WindowsFormsApp2\SimConnect_To_IP.csproj,File,WindowsFormsApp2\Program.cs,32,12,T:System.Windows.Forms.Application,,,,,Application.Run(new frmMain());
Api.0001,Binary incompatible for selected .NET version,Active,Mandatory,1,WindowsFormsApp2\SimConnect_To_IP.csproj,File,WindowsFormsApp2\Program.cs,32,12,M:System.Windows.Forms.Application.Run(System.Windows.Forms.Form),,,,,Application.Run(new frmMain());
Api.0001,Binary incompatible for selected .NET version,Active,Mandatory,1,WindowsFormsApp2\SimConnect_To_IP.csproj,File,WindowsFormsApp2\Program.cs,31,12,T:System.Windows.Forms.Application,,,,,Application.SetCompatibleTextRenderingDefault(false);
Api.0001,Binary incompatible for selected .NET version,Active,Mandatory,1,WindowsFormsApp2\SimConnect_To_IP.csproj,File,WindowsFormsApp2\Program.cs,31,12,M:System.Windows.Forms.Application.SetCompatibleTextRenderingDefault(System.Boolean),,,,,Application.SetCompatibleTextRenderingDefault(false);
Api.0001,Binary incompatible for selected .NET version,Active,Mandatory,1,WindowsFormsApp2\SimConnect_To_IP.csproj,File,WindowsFormsApp2\Program.cs,30,12,T:System.Windows.Forms.Application,,,,,Application.EnableVisualStyles();
Api.0001,Binary incompatible for selected .NET version,Active,Mandatory,1,WindowsFormsApp2\SimConnect_To_IP.csproj,File,WindowsFormsApp2\Program.cs,30,12,M:System.Windows.Forms.Application.EnableVisualStyles,,,,,Application.EnableVisualStyles();
Api.0002,Source incompatible for selected .NET version,Active,Potential,1,WindowsFormsApp2\SimConnect_To_IP.csproj,File,WindowsFormsApp2\Properties\Settings.Designer.cs,15,74,M:System.Configuration.ApplicationSettingsBase.#ctor,,,,,ApplicationSettingsBase
Api.0002,Source incompatible for selected .NET version,Active,Potential,1,WindowsFormsApp2\SimConnect_To_IP.csproj,File,WindowsFormsApp2\Properties\Settings.Designer.cs,15,74,T:System.Configuration.ApplicationSettingsBase,,,,,ApplicationSettingsBase
Api.0001,Binary incompatible for selected .NET version,Active,Mandatory,1,WindowsFormsApp2\SimConnect_To_IP.csproj,File,WindowsFormsApp2\frmMain.cs,755,16,T:System.Windows.Forms.ListBox,,,,,"listBoxLogs.Items.Add(""Setting COM1 Standby Frequency to "" + STR_COMM1_STANDBYFREQUENCY + "" MHz"");"
Api.0001,Binary incompatible for selected .NET version,Active,Mandatory,1,WindowsFormsApp2\SimConnect_To_IP.csproj,File,WindowsFormsApp2\frmMain.cs,755,16,T:System.Windows.Forms.ListBox.ObjectCollection,,,,,"listBoxLogs.Items.Add(""Setting COM1 Standby Frequency to "" + STR_COMM1_STANDBYFREQUENCY + "" MHz"");"
Api.0001,Binary incompatible for selected .NET version,Active,Mandatory,1,WindowsFormsApp2\SimConnect_To_IP.csproj,File,WindowsFormsApp2\frmMain.cs,755,16,P:System.Windows.Forms.ListBox.Items,,,,,"listBoxLogs.Items.Add(""Setting COM1 Standby Frequency to "" + STR_COMM1_STANDBYFREQUENCY + "" MHz"");"
Api.0001,Binary incompatible for selected .NET version,Active,Mandatory,1,WindowsFormsApp2\SimConnect_To_IP.csproj,File,WindowsFormsApp2\frmMain.cs,755,16,M:System.Windows.Forms.ListBox.ObjectCollection.Add(System.Object),,,,,"listBoxLogs.Items.Add(""Setting COM1 Standby Frequency to "" + STR_COMM1_STANDBYFREQUENCY + "" MHz"");"
Api.0001,Binary incompatible for selected .NET version,Active,Mandatory,1,WindowsFormsApp2\SimConnect_To_IP.csproj,File,WindowsFormsApp2\frmMain.cs,671,12,T:System.Windows.Forms.Timer,,,,,this.timer1.Enabled = false;
Api.0001,Binary incompatible for selected .NET version,Active,Mandatory,1,WindowsFormsApp2\SimConnect_To_IP.csproj,File,WindowsFormsApp2\frmMain.cs,671,12,P:System.Windows.Forms.Timer.Enabled,,,,,this.timer1.Enabled = false;
Api.0001,Binary incompatible for selected .NET version,Active,Mandatory,1,WindowsFormsApp2\SimConnect_To_IP.csproj,File,WindowsFormsApp2\frmMain.cs,666,12,T:System.Windows.Forms.Timer,,,,,this.timer1.Enabled = true;
Api.0001,Binary incompatible for selected .NET version,Active,Mandatory,1,WindowsFormsApp2\SimConnect_To_IP.csproj,File,WindowsFormsApp2\frmMain.cs,666,12,P:System.Windows.Forms.Timer.Enabled,,,,,this.timer1.Enabled = true;
Api.0001,Binary incompatible for selected .NET version,Active,Mandatory,1,WindowsFormsApp2\SimConnect_To_IP.csproj,File,WindowsFormsApp2\frmMain.cs,639,12,T:System.Windows.Forms.RichTextBox,,,,,richResponse.Text = output;
Api.0001,Binary incompatible for selected .NET version,Active,Mandatory,1,WindowsFormsApp2\SimConnect_To_IP.csproj,File,WindowsFormsApp2\frmMain.cs,639,12,P:System.Windows.Forms.RichTextBox.Text,,,,,richResponse.Text = output;
Api.0001,Binary incompatible for selected .NET version,Active,Mandatory,1,WindowsFormsApp2\SimConnect_To_IP.csproj,File,WindowsFormsApp2\frmMain.cs,589,20,P:System.Windows.Forms.Control.Handle,,,,,"simconnect = new SimConnect(""Managed Data Request"", this.Handle, WM_USER_SIMCONNECT, null, 0);"
Api.0001,Binary incompatible for selected .NET version,Active,Mandatory,1,WindowsFormsApp2\SimConnect_To_IP.csproj,File,WindowsFormsApp2\frmMain.cs,425,20,T:System.Windows.Forms.RichTextBox,,,,,richResponse.Clear();
Api.0001,Binary incompatible for selected .NET version,Active,Mandatory,1,WindowsFormsApp2\SimConnect_To_IP.csproj,File,WindowsFormsApp2\frmMain.cs,425,20,M:System.Windows.Forms.TextBoxBase.Clear,,,,,richResponse.Clear();
Api.0001,Binary incompatible for selected .NET version,Active,Mandatory,1,WindowsFormsApp2\SimConnect_To_IP.csproj,File,WindowsFormsApp2\frmMain.cs,412,8,T:System.Windows.Forms.FormClosedEventArgs,,,,,"private void Form1_FormClosed(object sender, FormClosedEventArgs e)"
Api.0001,Binary incompatible for selected .NET version,Active,Mandatory,1,WindowsFormsApp2\SimConnect_To_IP.csproj,File,WindowsFormsApp2\frmMain.cs,280,12,T:System.Windows.Forms.Button,,,,,buttonDisconnect.Enabled = bDisconnect;
Api.0001,Binary incompatible for selected .NET version,Active,Mandatory,1,WindowsFormsApp2\SimConnect_To_IP.csproj,File,WindowsFormsApp2\frmMain.cs,280,12,P:System.Windows.Forms.Control.Enabled,,,,,buttonDisconnect.Enabled = bDisconnect;
Api.0001,Binary incompatible for selected .NET version,Active,Mandatory,1,WindowsFormsApp2\SimConnect_To_IP.csproj,File,WindowsFormsApp2\frmMain.cs,279,12,T:System.Windows.Forms.Button,,,,,buttonRequestData.Enabled = bGet;
Api.0001,Binary incompatible for selected .NET version,Active,Mandatory,1,WindowsFormsApp2\SimConnect_To_IP.csproj,File,WindowsFormsApp2\frmMain.cs,279,12,P:System.Windows.Forms.Control.Enabled,,,,,buttonRequestData.Enabled = bGet;
Api.0001,Binary incompatible for selected .NET version,Active,Mandatory,1,WindowsFormsApp2\SimConnect_To_IP.csproj,File,WindowsFormsApp2\frmMain.cs,278,12,T:System.Windows.Forms.Button,,,,,buttonConnect.Enabled = bConnect;
Api.0001,Binary incompatible for selected .NET version,Active,Mandatory,1,WindowsFormsApp2\SimConnect_To_IP.csproj,File,WindowsFormsApp2\frmMain.cs,278,12,P:System.Windows.Forms.Control.Enabled,,,,,buttonConnect.Enabled = bConnect;
Api.0001,Binary incompatible for selected .NET version,Active,Mandatory,1,WindowsFormsApp2\SimConnect_To_IP.csproj,File,WindowsFormsApp2\frmMain.cs,256,8,T:System.Windows.Forms.Message,,,,,protected override void DefWndProc(ref Message m)
Api.0001,Binary incompatible for selected .NET version,Active,Mandatory,1,WindowsFormsApp2\SimConnect_To_IP.csproj,File,WindowsFormsApp2\frmMain.cs,267,16,M:System.Windows.Forms.Form.DefWndProc(System.Windows.Forms.Message@),,,,,base.DefWndProc(ref m);
Api.0001,Binary incompatible for selected .NET version,Active,Mandatory,1,WindowsFormsApp2\SimConnect_To_IP.csproj,File,WindowsFormsApp2\frmMain.cs,258,12,P:System.Windows.Forms.Message.Msg,,,,,if (m.Msg == WM_USER_SIMCONNECT)              {                  if (simconnect != null)                  {                      simconnect.ReceiveMessage();                  }              }              else              {                  base.DefWndProc(ref m);              }
Api.0001,Binary incompatible for selected .NET version,Active,Mandatory,1,WindowsFormsApp2\SimConnect_To_IP.csproj,File,WindowsFormsApp2\frmMain.cs,239,8,M:System.Windows.Forms.Form.#ctor,,,,,"public frmMain()          {              InitializeComponent();              StartListener();                  setButtons(true, false, false);              udpClient.Connect(""172.16.1.2"", 13136);              OutputClient.Connect(""172.16.1.2"", 26028);              TimeLastPacketSent = DateTime.Now;              }"
Api.0001,Binary incompatible for selected .NET version,Active,Mandatory,1,WindowsFormsApp2\SimConnect_To_IP.csproj,File,WindowsFormsApp2\frmMain.cs,222,32,T:System.Windows.Forms.ListBox,,,,,"listBoxLogs.Items.Add($""Received: {receivedData} from {result.RemoteEndPoint}"");"
Api.0001,Binary incompatible for selected .NET version,Active,Mandatory,1,WindowsFormsApp2\SimConnect_To_IP.csproj,File,WindowsFormsApp2\frmMain.cs,222,32,T:System.Windows.Forms.ListBox.ObjectCollection,,,,,"listBoxLogs.Items.Add($""Received: {receivedData} from {result.RemoteEndPoint}"");"
Api.0001,Binary incompatible for selected .NET version,Active,Mandatory,1,WindowsFormsApp2\SimConnect_To_IP.csproj,File,WindowsFormsApp2\frmMain.cs,222,32,P:System.Windows.Forms.ListBox.Items,,,,,"listBoxLogs.Items.Add($""Received: {receivedData} from {result.RemoteEndPoint}"");"
Api.0001,Binary incompatible for selected .NET version,Active,Mandatory,1,WindowsFormsApp2\SimConnect_To_IP.csproj,File,WindowsFormsApp2\frmMain.cs,222,32,M:System.Windows.Forms.ListBox.ObjectCollection.Add(System.Object),,,,,"listBoxLogs.Items.Add($""Received: {receivedData} from {result.RemoteEndPoint}"");"
Api.0001,Binary incompatible for selected .NET version,Active,Mandatory,1,WindowsFormsApp2\SimConnect_To_IP.csproj,File,WindowsFormsApp2\frmMain.cs,221,28,M:System.Windows.Forms.Control.Invoke(System.Delegate),,,,,"this.Invoke(new Action(() => {                                  listBoxLogs.Items.Add($""Received: {receivedData} from {result.RemoteEndPoint}"");                              }));"
Api.0001,Binary incompatible for selected .NET version,Active,Mandatory,1,WindowsFormsApp2\SimConnect_To_IP.csproj,File,WindowsFormsApp2\frmMain.Designer.cs,193,45,T:System.Windows.Forms.ListBox,,,,,listBoxLogs
Api.0001,Binary incompatible for selected .NET version,Active,Mandatory,1,WindowsFormsApp2\SimConnect_To_IP.csproj,File,WindowsFormsApp2\frmMain.Designer.cs,192,44,T:System.Windows.Forms.Button,,,,,button4
Api.0001,Binary incompatible for selected .NET version,Active,Mandatory,1,WindowsFormsApp2\SimConnect_To_IP.csproj,File,WindowsFormsApp2\frmMain.Designer.cs,191,43,T:System.Windows.Forms.Label,,,,,label1
Api.0001,Binary incompatible for selected .NET version,Active,Mandatory,1,WindowsFormsApp2\SimConnect_To_IP.csproj,File,WindowsFormsApp2\frmMain.Designer.cs,190,44,T:System.Windows.Forms.Button,,,,,btn_SendUDP
Api.0001,Binary incompatible for selected .NET version,Active,Mandatory,1,WindowsFormsApp2\SimConnect_To_IP.csproj,File,WindowsFormsApp2\frmMain.Designer.cs,189,44,T:System.Windows.Forms.Button,,,,,button3
Api.0001,Binary incompatible for selected .NET version,Active,Mandatory,1,WindowsFormsApp2\SimConnect_To_IP.csproj,File,WindowsFormsApp2\frmMain.Designer.cs,188,44,T:System.Windows.Forms.Button,,,,,button2
Api.0001,Binary incompatible for selected .NET version,Active,Mandatory,1,WindowsFormsApp2\SimConnect_To_IP.csproj,File,WindowsFormsApp2\frmMain.Designer.cs,187,44,T:System.Windows.Forms.Button,,,,,button1
Api.0001,Binary incompatible for selected .NET version,Active,Mandatory,1,WindowsFormsApp2\SimConnect_To_IP.csproj,File,WindowsFormsApp2\frmMain.Designer.cs,186,43,T:System.Windows.Forms.Timer,,,,,timer1
Api.0001,Binary incompatible for selected .NET version,Active,Mandatory,1,WindowsFormsApp2\SimConnect_To_IP.csproj,File,WindowsFormsApp2\frmMain.Designer.cs,185,49,T:System.Windows.Forms.RichTextBox,,,,,richResponse
Api.0001,Binary incompatible for selected .NET version,Active,Mandatory,1,WindowsFormsApp2\SimConnect_To_IP.csproj,File,WindowsFormsApp2\frmMain.Designer.cs,184,44,T:System.Windows.Forms.Button,,,,,buttonRequestData
Api.0001,Binary incompatible for selected .NET version,Active,Mandatory,1,WindowsFormsApp2\SimConnect_To_IP.csproj,File,WindowsFormsApp2\frmMain.Designer.cs,183,44,T:System.Windows.Forms.Button,,,,,buttonDisconnect
Api.0001,Binary incompatible for selected .NET version,Active,Mandatory,1,WindowsFormsApp2\SimConnect_To_IP.csproj,File,WindowsFormsApp2\frmMain.Designer.cs,182,44,T:System.Windows.Forms.Button,,,,,buttonConnect
Api.0001,Binary incompatible for selected .NET version,Active,Mandatory,1,WindowsFormsApp2\SimConnect_To_IP.csproj,File,WindowsFormsApp2\frmMain.Designer.cs,176,12,M:System.Windows.Forms.Control.PerformLayout,,,,,this.PerformLayout();
Api.0001,Binary incompatible for selected .NET version,Active,Mandatory,1,WindowsFormsApp2\SimConnect_To_IP.csproj,File,WindowsFormsApp2\frmMain.Designer.cs,175,12,M:System.Windows.Forms.Control.ResumeLayout(System.Boolean),,,,,this.ResumeLayout(false);
Api.0001,Binary incompatible for selected .NET version,Active,Mandatory,1,WindowsFormsApp2\SimConnect_To_IP.csproj,File,WindowsFormsApp2\frmMain.Designer.cs,174,12,E:System.Windows.Forms.Form.Load,,,,,this.Load += new System.EventHandler(this.Form1_Load);
Api.0001,Binary incompatible for selected .NET version,Active,Mandatory,1,WindowsFormsApp2\SimConnect_To_IP.csproj,File,WindowsFormsApp2\frmMain.Designer.cs,173,12,P:System.Windows.Forms.Form.Text,,,,,"this.Text = ""Form1"";"
Api.0001,Binary incompatible for selected .NET version,Active,Mandatory,1,WindowsFormsApp2\SimConnect_To_IP.csproj,File,WindowsFormsApp2\frmMain.Designer.cs,172,12,P:System.Windows.Forms.Control.Name,,,,,"this.Name = ""frmMain"";"
Api.0001,Binary incompatible for selected .NET version,Active,Mandatory,1,WindowsFormsApp2\SimConnect_To_IP.csproj,File,WindowsFormsApp2\frmMain.Designer.cs,171,12,T:System.Windows.Forms.Button,,,,,this.Controls.Add(this.buttonConnect);
Api.0001,Binary incompatible for selected .NET version,Active,Mandatory,1,WindowsFormsApp2\SimConnect_To_IP.csproj,File,WindowsFormsApp2\frmMain.Designer.cs,171,12,T:System.Windows.Forms.Control.ControlCollection,,,,,this.Controls.Add(this.buttonConnect);
Api.0001,Binary incompatible for selected .NET version,Active,Mandatory,1,WindowsFormsApp2\SimConnect_To_IP.csproj,File,WindowsFormsApp2\frmMain.Designer.cs,171,12,P:System.Windows.Forms.Control.Controls,,,,,this.Controls.Add(this.buttonConnect);
Api.0001,Binary incompatible for selected .NET version,Active,Mandatory,1,WindowsFormsApp2\SimConnect_To_IP.csproj,File,WindowsFormsApp2\frmMain.Designer.cs,171,12,M:System.Windows.Forms.Control.ControlCollection.Add(System.Windows.Forms.Control),,,,,this.Controls.Add(this.buttonConnect);
Api.0001,Binary incompatible for selected .NET version,Active,Mandatory,1,WindowsFormsApp2\SimConnect_To_IP.csproj,File,WindowsFormsApp2\frmMain.Designer.cs,170,12,T:System.Windows.Forms.Button,,,,,this.Controls.Add(this.buttonDisconnect);
Api.0001,Binary incompatible for selected .NET version,Active,Mandatory,1,WindowsFormsApp2\SimConnect_To_IP.csproj,File,WindowsFormsApp2\frmMain.Designer.cs,170,12,T:System.Windows.Forms.Control.ControlCollection,,,,,this.Controls.Add(this.buttonDisconnect);
Api.0001,Binary incompatible for selected .NET version,Active,Mandatory,1,WindowsFormsApp2\SimConnect_To_IP.csproj,File,WindowsFormsApp2\frmMain.Designer.cs,170,12,P:System.Windows.Forms.Control.Controls,,,,,this.Controls.Add(this.buttonDisconnect);
Api.0001,Binary incompatible for selected .NET version,Active,Mandatory,1,WindowsFormsApp2\SimConnect_To_IP.csproj,File,WindowsFormsApp2\frmMain.Designer.cs,170,12,M:System.Windows.Forms.Control.ControlCollection.Add(System.Windows.Forms.Control),,,,,this.Controls.Add(this.buttonDisconnect);
Api.0001,Binary incompatible for selected .NET version,Active,Mandatory,1,WindowsFormsApp2\SimConnect_To_IP.csproj,File,WindowsFormsApp2\frmMain.Designer.cs,169,12,T:System.Windows.Forms.Button,,,,,this.Controls.Add(this.buttonRequestData);
Api.0001,Binary incompatible for selected .NET version,Active,Mandatory,1,WindowsFormsApp2\SimConnect_To_IP.csproj,File,WindowsFormsApp2\frmMain.Designer.cs,169,12,T:System.Windows.Forms.Control.ControlCollection,,,,,this.Controls.Add(this.buttonRequestData);
Api.0001,Binary incompatible for selected .NET version,Active,Mandatory,1,WindowsFormsApp2\SimConnect_To_IP.csproj,File,WindowsFormsApp2\frmMain.Designer.cs,169,12,P:System.Windows.Forms.Control.Controls,,,,,this.Controls.Add(this.buttonRequestData);
Api.0001,Binary incompatible for selected .NET version,Active,Mandatory,1,WindowsFormsApp2\SimConnect_To_IP.csproj,File,WindowsFormsApp2\frmMain.Designer.cs,169,12,M:System.Windows.Forms.Control.ControlCollection.Add(System.Windows.Forms.Control),,,,,this.Controls.Add(this.buttonRequestData);
Api.0001,Binary incompatible for selected .NET version,Active,Mandatory,1,WindowsFormsApp2\SimConnect_To_IP.csproj,File,WindowsFormsApp2\frmMain.Designer.cs,168,12,T:System.Windows.Forms.RichTextBox,,,,,this.Controls.Add(this.richResponse);
Api.0001,Binary incompatible for selected .NET version,Active,Mandatory,1,WindowsFormsApp2\SimConnect_To_IP.csproj,File,WindowsFormsApp2\frmMain.Designer.cs,168,12,T:System.Windows.Forms.Control.ControlCollection,,,,,this.Controls.Add(this.richResponse);
Api.0001,Binary incompatible for selected .NET version,Active,Mandatory,1,WindowsFormsApp2\SimConnect_To_IP.csproj,File,WindowsFormsApp2\frmMain.Designer.cs,168,12,P:System.Windows.Forms.Control.Controls,,,,,this.Controls.Add(this.richResponse);
Api.0001,Binary incompatible for selected .NET version,Active,Mandatory,1,WindowsFormsApp2\SimConnect_To_IP.csproj,File,WindowsFormsApp2\frmMain.Designer.cs,168,12,M:System.Windows.Forms.Control.ControlCollection.Add(System.Windows.Forms.Control),,,,,this.Controls.Add(this.richResponse);
Api.0001,Binary incompatible for selected .NET version,Active,Mandatory,1,WindowsFormsApp2\SimConnect_To_IP.csproj,File,WindowsFormsApp2\frmMain.Designer.cs,167,12,T:System.Windows.Forms.Button,,,,,this.Controls.Add(this.button1);
Api.0001,Binary incompatible for selected .NET version,Active,Mandatory,1,WindowsFormsApp2\SimConnect_To_IP.csproj,File,WindowsFormsApp2\frmMain.Designer.cs,167,12,T:System.Windows.Forms.Control.ControlCollection,,,,,this.Controls.Add(this.button1);
Api.0001,Binary incompatible for selected .NET version,Active,Mandatory,1,WindowsFormsApp2\SimConnect_To_IP.csproj,File,WindowsFormsApp2\frmMain.Designer.cs,167,12,P:System.Windows.Forms.Control.Controls,,,,,this.Controls.Add(this.button1);
Api.0001,Binary incompatible for selected .NET version,Active,Mandatory,1,WindowsFormsApp2\SimConnect_To_IP.csproj,File,WindowsFormsApp2\frmMain.Designer.cs,167,12,M:System.Windows.Forms.Control.ControlCollection.Add(System.Windows.Forms.Control),,,,,this.Controls.Add(this.button1);
Api.0001,Binary incompatible for selected .NET version,Active,Mandatory,1,WindowsFormsApp2\SimConnect_To_IP.csproj,File,WindowsFormsApp2\frmMain.Designer.cs,166,12,T:System.Windows.Forms.Button,,,,,this.Controls.Add(this.button2);
Api.0001,Binary incompatible for selected .NET version,Active,Mandatory,1,WindowsFormsApp2\SimConnect_To_IP.csproj,File,WindowsFormsApp2\frmMain.Designer.cs,166,12,T:System.Windows.Forms.Control.ControlCollection,,,,,this.Controls.Add(this.button2);
Api.0001,Binary incompatible for selected .NET version,Active,Mandatory,1,WindowsFormsApp2\SimConnect_To_IP.csproj,File,WindowsFormsApp2\frmMain.Designer.cs,166,12,P:System.Windows.Forms.Control.Controls,,,,,this.Controls.Add(this.button2);
Api.0001,Binary incompatible for selected .NET version,Active,Mandatory,1,WindowsFormsApp2\SimConnect_To_IP.csproj,File,WindowsFormsApp2\frmMain.Designer.cs,166,12,M:System.Windows.Forms.Control.ControlCollection.Add(System.Windows.Forms.Control),,,,,this.Controls.Add(this.button2);
Api.0001,Binary incompatible for selected .NET version,Active,Mandatory,1,WindowsFormsApp2\SimConnect_To_IP.csproj,File,WindowsFormsApp2\frmMain.Designer.cs,165,12,T:System.Windows.Forms.Button,,,,,this.Controls.Add(this.button3);
Api.0001,Binary incompatible for selected .NET version,Active,Mandatory,1,WindowsFormsApp2\SimConnect_To_IP.csproj,File,WindowsFormsApp2\frmMain.Designer.cs,165,12,T:System.Windows.Forms.Control.ControlCollection,,,,,this.Controls.Add(this.button3);
Api.0001,Binary incompatible for selected .NET version,Active,Mandatory,1,WindowsFormsApp2\SimConnect_To_IP.csproj,File,WindowsFormsApp2\frmMain.Designer.cs,165,12,P:System.Windows.Forms.Control.Controls,,,,,this.Controls.Add(this.button3);
Api.0001,Binary incompatible for selected .NET version,Active,Mandatory,1,WindowsFormsApp2\SimConnect_To_IP.csproj,File,WindowsFormsApp2\frmMain.Designer.cs,165,12,M:System.Windows.Forms.Control.ControlCollection.Add(System.Windows.Forms.Control),,,,,this.Controls.Add(this.button3);
Api.0001,Binary incompatible for selected .NET version,Active,Mandatory,1,WindowsFormsApp2\SimConnect_To_IP.csproj,File,WindowsFormsApp2\frmMain.Designer.cs,164,12,T:System.Windows.Forms.Button,,,,,this.Controls.Add(this.btn_SendUDP);
Api.0001,Binary incompatible for selected .NET version,Active,Mandatory,1,WindowsFormsApp2\SimConnect_To_IP.csproj,File,WindowsFormsApp2\frmMain.Designer.cs,164,12,T:System.Windows.Forms.Control.ControlCollection,,,,,this.Controls.Add(this.btn_SendUDP);
Api.0001,Binary incompatible for selected .NET version,Active,Mandatory,1,WindowsFormsApp2\SimConnect_To_IP.csproj,File,WindowsFormsApp2\frmMain.Designer.cs,164,12,P:System.Windows.Forms.Control.Controls,,,,,this.Controls.Add(this.btn_SendUDP);
Api.0001,Binary incompatible for selected .NET version,Active,Mandatory,1,WindowsFormsApp2\SimConnect_To_IP.csproj,File,WindowsFormsApp2\frmMain.Designer.cs,164,12,M:System.Windows.Forms.Control.ControlCollection.Add(System.Windows.Forms.Control),,,,,this.Controls.Add(this.btn_SendUDP);
Api.0001,Binary incompatible for selected .NET version,Active,Mandatory,1,WindowsFormsApp2\SimConnect_To_IP.csproj,File,WindowsFormsApp2\frmMain.Designer.cs,163,12,T:System.Windows.Forms.Label,,,,,this.Controls.Add(this.label1);
Api.0001,Binary incompatible for selected .NET version,Active,Mandatory,1,WindowsFormsApp2\SimConnect_To_IP.csproj,File,WindowsFormsApp2\frmMain.Designer.cs,163,12,T:System.Windows.Forms.Control.ControlCollection,,,,,this.Controls.Add(this.label1);
Api.0001,Binary incompatible for selected .NET version,Active,Mandatory,1,WindowsFormsApp2\SimConnect_To_IP.csproj,File,WindowsFormsApp2\frmMain.Designer.cs,163,12,P:System.Windows.Forms.Control.Controls,,,,,this.Controls.Add(this.label1);
Api.0001,Binary incompatible for selected .NET version,Active,Mandatory,1,WindowsFormsApp2\SimConnect_To_IP.csproj,File,WindowsFormsApp2\frmMain.Designer.cs,163,12,M:System.Windows.Forms.Control.ControlCollection.Add(System.Windows.Forms.Control),,,,,this.Controls.Add(this.label1);
Api.0001,Binary incompatible for selected .NET version,Active,Mandatory,1,WindowsFormsApp2\SimConnect_To_IP.csproj,File,WindowsFormsApp2\frmMain.Designer.cs,162,12,T:System.Windows.Forms.Button,,,,,this.Controls.Add(this.button4);
Api.0001,Binary incompatible for selected .NET version,Active,Mandatory,1,WindowsFormsApp2\SimConnect_To_IP.csproj,File,WindowsFormsApp2\frmMain.Designer.cs,162,12,T:System.Windows.Forms.Control.ControlCollection,,,,,this.Controls.Add(this.button4);
Api.0001,Binary incompatible for selected .NET version,Active,Mandatory,1,WindowsFormsApp2\SimConnect_To_IP.csproj,File,WindowsFormsApp2\frmMain.Designer.cs,162,12,P:System.Windows.Forms.Control.Controls,,,,,this.Controls.Add(this.button4);
Api.0001,Binary incompatible for selected .NET version,Active,Mandatory,1,WindowsFormsApp2\SimConnect_To_IP.csproj,File,WindowsFormsApp2\frmMain.Designer.cs,162,12,M:System.Windows.Forms.Control.ControlCollection.Add(System.Windows.Forms.Control),,,,,this.Controls.Add(this.button4);
Api.0001,Binary incompatible for selected .NET version,Active,Mandatory,1,WindowsFormsApp2\SimConnect_To_IP.csproj,File,WindowsFormsApp2\frmMain.Designer.cs,161,12,T:System.Windows.Forms.ListBox,,,,,this.Controls.Add(this.listBoxLogs);
Api.0001,Binary incompatible for selected .NET version,Active,Mandatory,1,WindowsFormsApp2\SimConnect_To_IP.csproj,File,WindowsFormsApp2\frmMain.Designer.cs,161,12,T:System.Windows.Forms.Control.ControlCollection,,,,,this.Controls.Add(this.listBoxLogs);
Api.0001,Binary incompatible for selected .NET version,Active,Mandatory,1,WindowsFormsApp2\SimConnect_To_IP.csproj,File,WindowsFormsApp2\frmMain.Designer.cs,161,12,P:System.Windows.Forms.Control.Controls,,,,,this.Controls.Add(this.listBoxLogs);
Api.0001,Binary incompatible for selected .NET version,Active,Mandatory,1,WindowsFormsApp2\SimConnect_To_IP.csproj,File,WindowsFormsApp2\frmMain.Designer.cs,161,12,M:System.Windows.Forms.Control.ControlCollection.Add(System.Windows.Forms.Control),,,,,this.Controls.Add(this.listBoxLogs);
Api.0001,Binary incompatible for selected .NET version,Active,Mandatory,1,WindowsFormsApp2\SimConnect_To_IP.csproj,File,WindowsFormsApp2\frmMain.Designer.cs,160,12,P:System.Windows.Forms.Form.ClientSize,,,,,"this.ClientSize = new System.Drawing.Size(594, 625);"
Api.0001,Binary incompatible for selected .NET version,Active,Mandatory,1,WindowsFormsApp2\SimConnect_To_IP.csproj,File,WindowsFormsApp2\frmMain.Designer.cs,159,12,T:System.Windows.Forms.AutoScaleMode,,,,,this.AutoScaleMode = System.Windows.Forms.AutoScaleMode.Font;
Api.0001,Binary incompatible for selected .NET version,Active,Mandatory,1,WindowsFormsApp2\SimConnect_To_IP.csproj,File,WindowsFormsApp2\frmMain.Designer.cs,159,12,T:System.Windows.Forms.AutoScaleMode,,,,,this.AutoScaleMode = System.Windows.Forms.AutoScaleMode.Font;
Api.0001,Binary incompatible for selected .NET version,Active,Mandatory,1,WindowsFormsApp2\SimConnect_To_IP.csproj,File,WindowsFormsApp2\frmMain.Designer.cs,159,12,F:System.Windows.Forms.AutoScaleMode.Font,,,,,this.AutoScaleMode = System.Windows.Forms.AutoScaleMode.Font;
Api.0001,Binary incompatible for selected .NET version,Active,Mandatory,1,WindowsFormsApp2\SimConnect_To_IP.csproj,File,WindowsFormsApp2\frmMain.Designer.cs,159,12,T:System.Windows.Forms.AutoScaleMode,,,,,this.AutoScaleMode = System.Windows.Forms.AutoScaleMode.Font;
Api.0001,Binary incompatible for selected .NET version,Active,Mandatory,1,WindowsFormsApp2\SimConnect_To_IP.csproj,File,WindowsFormsApp2\frmMain.Designer.cs,159,12,P:System.Windows.Forms.ContainerControl.AutoScaleMode,,,,,this.AutoScaleMode = System.Windows.Forms.AutoScaleMode.Font;
Api.0001,Binary incompatible for selected .NET version,Active,Mandatory,1,WindowsFormsApp2\SimConnect_To_IP.csproj,File,WindowsFormsApp2\frmMain.Designer.cs,158,12,P:System.Windows.Forms.ContainerControl.AutoScaleDimensions,,,,,"this.AutoScaleDimensions = new System.Drawing.SizeF(6F, 13F);"
Api.0001,Binary incompatible for selected .NET version,Active,Mandatory,1,WindowsFormsApp2\SimConnect_To_IP.csproj,File,WindowsFormsApp2\frmMain.Designer.cs,154,12,T:System.Windows.Forms.ListBox,,,,,this.listBoxLogs.TabIndex = 11;
Api.0001,Binary incompatible for selected .NET version,Active,Mandatory,1,WindowsFormsApp2\SimConnect_To_IP.csproj,File,WindowsFormsApp2\frmMain.Designer.cs,154,12,P:System.Windows.Forms.Control.TabIndex,,,,,this.listBoxLogs.TabIndex = 11;
Api.0001,Binary incompatible for selected .NET version,Active,Mandatory,1,WindowsFormsApp2\SimConnect_To_IP.csproj,File,WindowsFormsApp2\frmMain.Designer.cs,153,12,T:System.Windows.Forms.ListBox,,,,,"this.listBoxLogs.Size = new System.Drawing.Size(368, 108);"
Api.0001,Binary incompatible for selected .NET version,Active,Mandatory,1,WindowsFormsApp2\SimConnect_To_IP.csproj,File,WindowsFormsApp2\frmMain.Designer.cs,153,12,P:System.Windows.Forms.Control.Size,,,,,"this.listBoxLogs.Size = new System.Drawing.Size(368, 108);"
Api.0001,Binary incompatible for selected .NET version,Active,Mandatory,1,WindowsFormsApp2\SimConnect_To_IP.csproj,File,WindowsFormsApp2\frmMain.Designer.cs,152,12,T:System.Windows.Forms.ListBox,,,,,"this.listBoxLogs.Name = ""listBoxLogs"";"
Api.0001,Binary incompatible for selected .NET version,Active,Mandatory,1,WindowsFormsApp2\SimConnect_To_IP.csproj,File,WindowsFormsApp2\frmMain.Designer.cs,152,12,P:System.Windows.Forms.Control.Name,,,,,"this.listBoxLogs.Name = ""listBoxLogs"";"
Api.0001,Binary incompatible for selected .NET version,Active,Mandatory,1,WindowsFormsApp2\SimConnect_To_IP.csproj,File,WindowsFormsApp2\frmMain.Designer.cs,151,12,T:System.Windows.Forms.ListBox,,,,,"this.listBoxLogs.Location = new System.Drawing.Point(53, 450);"
Api.0001,Binary incompatible for selected .NET version,Active,Mandatory,1,WindowsFormsApp2\SimConnect_To_IP.csproj,File,WindowsFormsApp2\frmMain.Designer.cs,151,12,P:System.Windows.Forms.Control.Location,,,,,"this.listBoxLogs.Location = new System.Drawing.Point(53, 450);"
Api.0001,Binary incompatible for selected .NET version,Active,Mandatory,1,WindowsFormsApp2\SimConnect_To_IP.csproj,File,WindowsFormsApp2\frmMain.Designer.cs,150,12,T:System.Windows.Forms.ListBox,,,,,this.listBoxLogs.FormattingEnabled = true;
Api.0001,Binary incompatible for selected .NET version,Active,Mandatory,1,WindowsFormsApp2\SimConnect_To_IP.csproj,File,WindowsFormsApp2\frmMain.Designer.cs,150,12,P:System.Windows.Forms.ListControl.FormattingEnabled,,,,,this.listBoxLogs.FormattingEnabled = true;
Api.0001,Binary incompatible for selected .NET version,Active,Mandatory,1,WindowsFormsApp2\SimConnect_To_IP.csproj,File,WindowsFormsApp2\frmMain.Designer.cs,146,12,T:System.Windows.Forms.Button,,,,,this.button4.Click += new System.EventHandler(this.button4_Click_1);
Api.0001,Binary incompatible for selected .NET version,Active,Mandatory,1,WindowsFormsApp2\SimConnect_To_IP.csproj,File,WindowsFormsApp2\frmMain.Designer.cs,146,12,E:System.Windows.Forms.Control.Click,,,,,this.button4.Click += new System.EventHandler(this.button4_Click_1);
Api.0001,Binary incompatible for selected .NET version,Active,Mandatory,1,WindowsFormsApp2\SimConnect_To_IP.csproj,File,WindowsFormsApp2\frmMain.Designer.cs,145,12,T:System.Windows.Forms.Button,,,,,this.button4.UseVisualStyleBackColor = true;
Api.0001,Binary incompatible for selected .NET version,Active,Mandatory,1,WindowsFormsApp2\SimConnect_To_IP.csproj,File,WindowsFormsApp2\frmMain.Designer.cs,145,12,P:System.Windows.Forms.ButtonBase.UseVisualStyleBackColor,,,,,this.button4.UseVisualStyleBackColor = true;
Api.0001,Binary incompatible for selected .NET version,Active,Mandatory,1,WindowsFormsApp2\SimConnect_To_IP.csproj,File,WindowsFormsApp2\frmMain.Designer.cs,144,12,T:System.Windows.Forms.Button,,,,,"this.button4.Text = ""newStandby"";"
Api.0001,Binary incompatible for selected .NET version,Active,Mandatory,1,WindowsFormsApp2\SimConnect_To_IP.csproj,File,WindowsFormsApp2\frmMain.Designer.cs,144,12,P:System.Windows.Forms.ButtonBase.Text,,,,,"this.button4.Text = ""newStandby"";"
Api.0001,Binary incompatible for selected .NET version,Active,Mandatory,1,WindowsFormsApp2\SimConnect_To_IP.csproj,File,WindowsFormsApp2\frmMain.Designer.cs,143,12,T:System.Windows.Forms.Button,,,,,this.button4.TabIndex = 10;
Api.0001,Binary incompatible for selected .NET version,Active,Mandatory,1,WindowsFormsApp2\SimConnect_To_IP.csproj,File,WindowsFormsApp2\frmMain.Designer.cs,143,12,P:System.Windows.Forms.Control.TabIndex,,,,,this.button4.TabIndex = 10;
Api.0001,Binary incompatible for selected .NET version,Active,Mandatory,1,WindowsFormsApp2\SimConnect_To_IP.csproj,File,WindowsFormsApp2\frmMain.Designer.cs,142,12,T:System.Windows.Forms.Button,,,,,"this.button4.Size = new System.Drawing.Size(75, 23);"
Api.0001,Binary incompatible for selected .NET version,Active,Mandatory,1,WindowsFormsApp2\SimConnect_To_IP.csproj,File,WindowsFormsApp2\frmMain.Designer.cs,142,12,P:System.Windows.Forms.Control.Size,,,,,"this.button4.Size = new System.Drawing.Size(75, 23);"
Api.0001,Binary incompatible for selected .NET version,Active,Mandatory,1,WindowsFormsApp2\SimConnect_To_IP.csproj,File,WindowsFormsApp2\frmMain.Designer.cs,141,12,T:System.Windows.Forms.Button,,,,,"this.button4.Name = ""button4"";"
Api.0001,Binary incompatible for selected .NET version,Active,Mandatory,1,WindowsFormsApp2\SimConnect_To_IP.csproj,File,WindowsFormsApp2\frmMain.Designer.cs,141,12,P:System.Windows.Forms.Control.Name,,,,,"this.button4.Name = ""button4"";"
Api.0001,Binary incompatible for selected .NET version,Active,Mandatory,1,WindowsFormsApp2\SimConnect_To_IP.csproj,File,WindowsFormsApp2\frmMain.Designer.cs,140,12,T:System.Windows.Forms.Button,,,,,"this.button4.Location = new System.Drawing.Point(474, 239);"
Api.0001,Binary incompatible for selected .NET version,Active,Mandatory,1,WindowsFormsApp2\SimConnect_To_IP.csproj,File,WindowsFormsApp2\frmMain.Designer.cs,140,12,P:System.Windows.Forms.Control.Location,,,,,"this.button4.Location = new System.Drawing.Point(474, 239);"
Api.0001,Binary incompatible for selected .NET version,Active,Mandatory,1,WindowsFormsApp2\SimConnect_To_IP.csproj,File,WindowsFormsApp2\frmMain.Designer.cs,136,12,T:System.Windows.Forms.Label,,,,,this.label1.Click += new System.EventHandler(this.label1_Click);
Api.0001,Binary incompatible for selected .NET version,Active,Mandatory,1,WindowsFormsApp2\SimConnect_To_IP.csproj,File,WindowsFormsApp2\frmMain.Designer.cs,136,12,E:System.Windows.Forms.Control.Click,,,,,this.label1.Click += new System.EventHandler(this.label1_Click);
Api.0001,Binary incompatible for selected .NET version,Active,Mandatory,1,WindowsFormsApp2\SimConnect_To_IP.csproj,File,WindowsFormsApp2\frmMain.Designer.cs,135,12,T:System.Windows.Forms.Label,,,,,"this.label1.Text = ""Connect and then Subscribe"";"
Api.0001,Binary incompatible for selected .NET version,Active,Mandatory,1,WindowsFormsApp2\SimConnect_To_IP.csproj,File,WindowsFormsApp2\frmMain.Designer.cs,135,12,P:System.Windows.Forms.Label.Text,,,,,"this.label1.Text = ""Connect and then Subscribe"";"
Api.0001,Binary incompatible for selected .NET version,Active,Mandatory,1,WindowsFormsApp2\SimConnect_To_IP.csproj,File,WindowsFormsApp2\frmMain.Designer.cs,134,12,T:System.Windows.Forms.Label,,,,,this.label1.TabIndex = 8;
Api.0001,Binary incompatible for selected .NET version,Active,Mandatory,1,WindowsFormsApp2\SimConnect_To_IP.csproj,File,WindowsFormsApp2\frmMain.Designer.cs,134,12,P:System.Windows.Forms.Control.TabIndex,,,,,this.label1.TabIndex = 8;
Api.0001,Binary incompatible for selected .NET version,Active,Mandatory,1,WindowsFormsApp2\SimConnect_To_IP.csproj,File,WindowsFormsApp2\frmMain.Designer.cs,133,12,T:System.Windows.Forms.Label,,,,,"this.label1.Size = new System.Drawing.Size(142, 13);"
Api.0001,Binary incompatible for selected .NET version,Active,Mandatory,1,WindowsFormsApp2\SimConnect_To_IP.csproj,File,WindowsFormsApp2\frmMain.Designer.cs,133,12,P:System.Windows.Forms.Control.Size,,,,,"this.label1.Size = new System.Drawing.Size(142, 13);"
Api.0001,Binary incompatible for selected .NET version,Active,Mandatory,1,WindowsFormsApp2\SimConnect_To_IP.csproj,File,WindowsFormsApp2\frmMain.Designer.cs,132,12,T:System.Windows.Forms.Label,,,,,"this.label1.Name = ""label1"";"
Api.0001,Binary incompatible for selected .NET version,Active,Mandatory,1,WindowsFormsApp2\SimConnect_To_IP.csproj,File,WindowsFormsApp2\frmMain.Designer.cs,132,12,P:System.Windows.Forms.Control.Name,,,,,"this.label1.Name = ""label1"";"
Api.0001,Binary incompatible for selected .NET version,Active,Mandatory,1,WindowsFormsApp2\SimConnect_To_IP.csproj,File,WindowsFormsApp2\frmMain.Designer.cs,131,12,T:System.Windows.Forms.Label,,,,,"this.label1.Location = new System.Drawing.Point(434, 123);"
Api.0001,Binary incompatible for selected .NET version,Active,Mandatory,1,WindowsFormsApp2\SimConnect_To_IP.csproj,File,WindowsFormsApp2\frmMain.Designer.cs,131,12,P:System.Windows.Forms.Control.Location,,,,,"this.label1.Location = new System.Drawing.Point(434, 123);"
Api.0001,Binary incompatible for selected .NET version,Active,Mandatory,1,WindowsFormsApp2\SimConnect_To_IP.csproj,File,WindowsFormsApp2\frmMain.Designer.cs,130,12,T:System.Windows.Forms.Label,,,,,this.label1.AutoSize = true;
Api.0001,Binary incompatible for selected .NET version,Active,Mandatory,1,WindowsFormsApp2\SimConnect_To_IP.csproj,File,WindowsFormsApp2\frmMain.Designer.cs,130,12,P:System.Windows.Forms.Label.AutoSize,,,,,this.label1.AutoSize = true;
Api.0001,Binary incompatible for selected .NET version,Active,Mandatory,1,WindowsFormsApp2\SimConnect_To_IP.csproj,File,WindowsFormsApp2\frmMain.Designer.cs,126,12,T:System.Windows.Forms.Button,,,,,this.btn_SendUDP.Click += new System.EventHandler(this.btn_SendUDP_Click);
Api.0001,Binary incompatible for selected .NET version,Active,Mandatory,1,WindowsFormsApp2\SimConnect_To_IP.csproj,File,WindowsFormsApp2\frmMain.Designer.cs,126,12,E:System.Windows.Forms.Control.Click,,,,,this.btn_SendUDP.Click += new System.EventHandler(this.btn_SendUDP_Click);
Api.0001,Binary incompatible for selected .NET version,Active,Mandatory,1,WindowsFormsApp2\SimConnect_To_IP.csproj,File,WindowsFormsApp2\frmMain.Designer.cs,125,12,T:System.Windows.Forms.Button,,,,,this.btn_SendUDP.UseVisualStyleBackColor = true;
Api.0001,Binary incompatible for selected .NET version,Active,Mandatory,1,WindowsFormsApp2\SimConnect_To_IP.csproj,File,WindowsFormsApp2\frmMain.Designer.cs,125,12,P:System.Windows.Forms.ButtonBase.UseVisualStyleBackColor,,,,,this.btn_SendUDP.UseVisualStyleBackColor = true;
Api.0001,Binary incompatible for selected .NET version,Active,Mandatory,1,WindowsFormsApp2\SimConnect_To_IP.csproj,File,WindowsFormsApp2\frmMain.Designer.cs,124,12,T:System.Windows.Forms.Button,,,,,"this.btn_SendUDP.Text = ""Send UDP Packet"";"
Api.0001,Binary incompatible for selected .NET version,Active,Mandatory,1,WindowsFormsApp2\SimConnect_To_IP.csproj,File,WindowsFormsApp2\frmMain.Designer.cs,124,12,P:System.Windows.Forms.ButtonBase.Text,,,,,"this.btn_SendUDP.Text = ""Send UDP Packet"";"
Api.0001,Binary incompatible for selected .NET version,Active,Mandatory,1,WindowsFormsApp2\SimConnect_To_IP.csproj,File,WindowsFormsApp2\frmMain.Designer.cs,123,12,T:System.Windows.Forms.Button,,,,,this.btn_SendUDP.TabIndex = 7;
Api.0001,Binary incompatible for selected .NET version,Active,Mandatory,1,WindowsFormsApp2\SimConnect_To_IP.csproj,File,WindowsFormsApp2\frmMain.Designer.cs,123,12,P:System.Windows.Forms.Control.TabIndex,,,,,this.btn_SendUDP.TabIndex = 7;
Api.0001,Binary incompatible for selected .NET version,Active,Mandatory,1,WindowsFormsApp2\SimConnect_To_IP.csproj,File,WindowsFormsApp2\frmMain.Designer.cs,122,12,T:System.Windows.Forms.Button,,,,,"this.btn_SendUDP.Size = new System.Drawing.Size(75, 23);"
Api.0001,Binary incompatible for selected .NET version,Active,Mandatory,1,WindowsFormsApp2\SimConnect_To_IP.csproj,File,WindowsFormsApp2\frmMain.Designer.cs,122,12,P:System.Windows.Forms.Control.Size,,,,,"this.btn_SendUDP.Size = new System.Drawing.Size(75, 23);"
Api.0001,Binary incompatible for selected .NET version,Active,Mandatory,1,WindowsFormsApp2\SimConnect_To_IP.csproj,File,WindowsFormsApp2\frmMain.Designer.cs,121,12,T:System.Windows.Forms.Button,,,,,"this.btn_SendUDP.Name = ""btn_SendUDP"";"
Api.0001,Binary incompatible for selected .NET version,Active,Mandatory,1,WindowsFormsApp2\SimConnect_To_IP.csproj,File,WindowsFormsApp2\frmMain.Designer.cs,121,12,P:System.Windows.Forms.Control.Name,,,,,"this.btn_SendUDP.Name = ""btn_SendUDP"";"
Api.0001,Binary incompatible for selected .NET version,Active,Mandatory,1,WindowsFormsApp2\SimConnect_To_IP.csproj,File,WindowsFormsApp2\frmMain.Designer.cs,120,12,T:System.Windows.Forms.Button,,,,,"this.btn_SendUDP.Location = new System.Drawing.Point(474, 85);"
Api.0001,Binary incompatible for selected .NET version,Active,Mandatory,1,WindowsFormsApp2\SimConnect_To_IP.csproj,File,WindowsFormsApp2\frmMain.Designer.cs,120,12,P:System.Windows.Forms.Control.Location,,,,,"this.btn_SendUDP.Location = new System.Drawing.Point(474, 85);"
Api.0001,Binary incompatible for selected .NET version,Active,Mandatory,1,WindowsFormsApp2\SimConnect_To_IP.csproj,File,WindowsFormsApp2\frmMain.Designer.cs,116,12,T:System.Windows.Forms.Button,,,,,this.button3.Click += new System.EventHandler(this.button3_Click);
Api.0001,Binary incompatible for selected .NET version,Active,Mandatory,1,WindowsFormsApp2\SimConnect_To_IP.csproj,File,WindowsFormsApp2\frmMain.Designer.cs,116,12,E:System.Windows.Forms.Control.Click,,,,,this.button3.Click += new System.EventHandler(this.button3_Click);
Api.0001,Binary incompatible for selected .NET version,Active,Mandatory,1,WindowsFormsApp2\SimConnect_To_IP.csproj,File,WindowsFormsApp2\frmMain.Designer.cs,115,12,T:System.Windows.Forms.Button,,,,,this.button3.UseVisualStyleBackColor = true;
Api.0001,Binary incompatible for selected .NET version,Active,Mandatory,1,WindowsFormsApp2\SimConnect_To_IP.csproj,File,WindowsFormsApp2\frmMain.Designer.cs,115,12,P:System.Windows.Forms.ButtonBase.UseVisualStyleBackColor,,,,,this.button3.UseVisualStyleBackColor = true;
Api.0001,Binary incompatible for selected .NET version,Active,Mandatory,1,WindowsFormsApp2\SimConnect_To_IP.csproj,File,WindowsFormsApp2\frmMain.Designer.cs,114,12,T:System.Windows.Forms.Button,,,,,"this.button3.Text = ""Subscribe"";"
Api.0001,Binary incompatible for selected .NET version,Active,Mandatory,1,WindowsFormsApp2\SimConnect_To_IP.csproj,File,WindowsFormsApp2\frmMain.Designer.cs,114,12,P:System.Windows.Forms.ButtonBase.Text,,,,,"this.button3.Text = ""Subscribe"";"
Api.0001,Binary incompatible for selected .NET version,Active,Mandatory,1,WindowsFormsApp2\SimConnect_To_IP.csproj,File,WindowsFormsApp2\frmMain.Designer.cs,113,12,T:System.Windows.Forms.Button,,,,,this.button3.TabIndex = 6;
Api.0001,Binary incompatible for selected .NET version,Active,Mandatory,1,WindowsFormsApp2\SimConnect_To_IP.csproj,File,WindowsFormsApp2\frmMain.Designer.cs,113,12,P:System.Windows.Forms.Control.TabIndex,,,,,this.button3.TabIndex = 6;
Api.0001,Binary incompatible for selected .NET version,Active,Mandatory,1,WindowsFormsApp2\SimConnect_To_IP.csproj,File,WindowsFormsApp2\frmMain.Designer.cs,112,12,T:System.Windows.Forms.Button,,,,,"this.button3.Size = new System.Drawing.Size(75, 23);"
Api.0001,Binary incompatible for selected .NET version,Active,Mandatory,1,WindowsFormsApp2\SimConnect_To_IP.csproj,File,WindowsFormsApp2\frmMain.Designer.cs,112,12,P:System.Windows.Forms.Control.Size,,,,,"this.button3.Size = new System.Drawing.Size(75, 23);"
Api.0001,Binary incompatible for selected .NET version,Active,Mandatory,1,WindowsFormsApp2\SimConnect_To_IP.csproj,File,WindowsFormsApp2\frmMain.Designer.cs,111,12,T:System.Windows.Forms.Button,,,,,"this.button3.Name = ""button3"";"
Api.0001,Binary incompatible for selected .NET version,Active,Mandatory,1,WindowsFormsApp2\SimConnect_To_IP.csproj,File,WindowsFormsApp2\frmMain.Designer.cs,111,12,P:System.Windows.Forms.Control.Name,,,,,"this.button3.Name = ""button3"";"
Api.0001,Binary incompatible for selected .NET version,Active,Mandatory,1,WindowsFormsApp2\SimConnect_To_IP.csproj,File,WindowsFormsApp2\frmMain.Designer.cs,110,12,T:System.Windows.Forms.Button,,,,,"this.button3.Location = new System.Drawing.Point(491, 24);"
Api.0001,Binary incompatible for selected .NET version,Active,Mandatory,1,WindowsFormsApp2\SimConnect_To_IP.csproj,File,WindowsFormsApp2\frmMain.Designer.cs,110,12,P:System.Windows.Forms.Control.Location,,,,,"this.button3.Location = new System.Drawing.Point(491, 24);"
Api.0001,Binary incompatible for selected .NET version,Active,Mandatory,1,WindowsFormsApp2\SimConnect_To_IP.csproj,File,WindowsFormsApp2\frmMain.Designer.cs,106,12,T:System.Windows.Forms.Button,,,,,this.button2.Click += new System.EventHandler(this.button2_Click);
Api.0001,Binary incompatible for selected .NET version,Active,Mandatory,1,WindowsFormsApp2\SimConnect_To_IP.csproj,File,WindowsFormsApp2\frmMain.Designer.cs,106,12,E:System.Windows.Forms.Control.Click,,,,,this.button2.Click += new System.EventHandler(this.button2_Click);
Api.0001,Binary incompatible for selected .NET version,Active,Mandatory,1,WindowsFormsApp2\SimConnect_To_IP.csproj,File,WindowsFormsApp2\frmMain.Designer.cs,105,12,T:System.Windows.Forms.Button,,,,,this.button2.UseVisualStyleBackColor = true;
Api.0001,Binary incompatible for selected .NET version,Active,Mandatory,1,WindowsFormsApp2\SimConnect_To_IP.csproj,File,WindowsFormsApp2\frmMain.Designer.cs,105,12,P:System.Windows.Forms.ButtonBase.UseVisualStyleBackColor,,,,,this.button2.UseVisualStyleBackColor = true;
Api.0001,Binary incompatible for selected .NET version,Active,Mandatory,1,WindowsFormsApp2\SimConnect_To_IP.csproj,File,WindowsFormsApp2\frmMain.Designer.cs,104,12,T:System.Windows.Forms.Button,,,,,"this.button2.Text = ""Stop Timer"";"
Api.0001,Binary incompatible for selected .NET version,Active,Mandatory,1,WindowsFormsApp2\SimConnect_To_IP.csproj,File,WindowsFormsApp2\frmMain.Designer.cs,104,12,P:System.Windows.Forms.ButtonBase.Text,,,,,"this.button2.Text = ""Stop Timer"";"
Api.0001,Binary incompatible for selected .NET version,Active,Mandatory,1,WindowsFormsApp2\SimConnect_To_IP.csproj,File,WindowsFormsApp2\frmMain.Designer.cs,103,12,T:System.Windows.Forms.Button,,,,,this.button2.TabIndex = 5;
Api.0001,Binary incompatible for selected .NET version,Active,Mandatory,1,WindowsFormsApp2\SimConnect_To_IP.csproj,File,WindowsFormsApp2\frmMain.Designer.cs,103,12,P:System.Windows.Forms.Control.TabIndex,,,,,this.button2.TabIndex = 5;
Api.0001,Binary incompatible for selected .NET version,Active,Mandatory,1,WindowsFormsApp2\SimConnect_To_IP.csproj,File,WindowsFormsApp2\frmMain.Designer.cs,102,12,T:System.Windows.Forms.Button,,,,,"this.button2.Size = new System.Drawing.Size(75, 23);"
Api.0001,Binary incompatible for selected .NET version,Active,Mandatory,1,WindowsFormsApp2\SimConnect_To_IP.csproj,File,WindowsFormsApp2\frmMain.Designer.cs,102,12,P:System.Windows.Forms.Control.Size,,,,,"this.button2.Size = new System.Drawing.Size(75, 23);"
Api.0001,Binary incompatible for selected .NET version,Active,Mandatory,1,WindowsFormsApp2\SimConnect_To_IP.csproj,File,WindowsFormsApp2\frmMain.Designer.cs,101,12,T:System.Windows.Forms.Button,,,,,"this.button2.Name = ""button2"";"
Api.0001,Binary incompatible for selected .NET version,Active,Mandatory,1,WindowsFormsApp2\SimConnect_To_IP.csproj,File,WindowsFormsApp2\frmMain.Designer.cs,101,12,P:System.Windows.Forms.Control.Name,,,,,"this.button2.Name = ""button2"";"
Api.0001,Binary incompatible for selected .NET version,Active,Mandatory,1,WindowsFormsApp2\SimConnect_To_IP.csproj,File,WindowsFormsApp2\frmMain.Designer.cs,100,12,T:System.Windows.Forms.Button,,,,,"this.button2.Location = new System.Drawing.Point(391, 25);"
Api.0001,Binary incompatible for selected .NET version,Active,Mandatory,1,WindowsFormsApp2\SimConnect_To_IP.csproj,File,WindowsFormsApp2\frmMain.Designer.cs,100,12,P:System.Windows.Forms.Control.Location,,,,,"this.button2.Location = new System.Drawing.Point(391, 25);"
Api.0001,Binary incompatible for selected .NET version,Active,Mandatory,1,WindowsFormsApp2\SimConnect_To_IP.csproj,File,WindowsFormsApp2\frmMain.Designer.cs,96,12,T:System.Windows.Forms.Button,,,,,this.button1.Click += new System.EventHandler(this.button1_Click);
Api.0001,Binary incompatible for selected .NET version,Active,Mandatory,1,WindowsFormsApp2\SimConnect_To_IP.csproj,File,WindowsFormsApp2\frmMain.Designer.cs,96,12,E:System.Windows.Forms.Control.Click,,,,,this.button1.Click += new System.EventHandler(this.button1_Click);
Api.0001,Binary incompatible for selected .NET version,Active,Mandatory,1,WindowsFormsApp2\SimConnect_To_IP.csproj,File,WindowsFormsApp2\frmMain.Designer.cs,95,12,T:System.Windows.Forms.Button,,,,,this.button1.UseVisualStyleBackColor = true;
Api.0001,Binary incompatible for selected .NET version,Active,Mandatory,1,WindowsFormsApp2\SimConnect_To_IP.csproj,File,WindowsFormsApp2\frmMain.Designer.cs,95,12,P:System.Windows.Forms.ButtonBase.UseVisualStyleBackColor,,,,,this.button1.UseVisualStyleBackColor = true;
Api.0001,Binary incompatible for selected .NET version,Active,Mandatory,1,WindowsFormsApp2\SimConnect_To_IP.csproj,File,WindowsFormsApp2\frmMain.Designer.cs,94,12,T:System.Windows.Forms.Button,,,,,"this.button1.Text = ""Start Timer"";"
Api.0001,Binary incompatible for selected .NET version,Active,Mandatory,1,WindowsFormsApp2\SimConnect_To_IP.csproj,File,WindowsFormsApp2\frmMain.Designer.cs,94,12,P:System.Windows.Forms.ButtonBase.Text,,,,,"this.button1.Text = ""Start Timer"";"
Api.0001,Binary incompatible for selected .NET version,Active,Mandatory,1,WindowsFormsApp2\SimConnect_To_IP.csproj,File,WindowsFormsApp2\frmMain.Designer.cs,93,12,T:System.Windows.Forms.Button,,,,,this.button1.TabIndex = 4;
Api.0001,Binary incompatible for selected .NET version,Active,Mandatory,1,WindowsFormsApp2\SimConnect_To_IP.csproj,File,WindowsFormsApp2\frmMain.Designer.cs,93,12,P:System.Windows.Forms.Control.TabIndex,,,,,this.button1.TabIndex = 4;
Api.0001,Binary incompatible for selected .NET version,Active,Mandatory,1,WindowsFormsApp2\SimConnect_To_IP.csproj,File,WindowsFormsApp2\frmMain.Designer.cs,92,12,T:System.Windows.Forms.Button,,,,,"this.button1.Size = new System.Drawing.Size(75, 23);"
Api.0001,Binary incompatible for selected .NET version,Active,Mandatory,1,WindowsFormsApp2\SimConnect_To_IP.csproj,File,WindowsFormsApp2\frmMain.Designer.cs,92,12,P:System.Windows.Forms.Control.Size,,,,,"this.button1.Size = new System.Drawing.Size(75, 23);"
Api.0001,Binary incompatible for selected .NET version,Active,Mandatory,1,WindowsFormsApp2\SimConnect_To_IP.csproj,File,WindowsFormsApp2\frmMain.Designer.cs,91,12,T:System.Windows.Forms.Button,,,,,"this.button1.Name = ""button1"";"
Api.0001,Binary incompatible for selected .NET version,Active,Mandatory,1,WindowsFormsApp2\SimConnect_To_IP.csproj,File,WindowsFormsApp2\frmMain.Designer.cs,91,12,P:System.Windows.Forms.Control.Name,,,,,"this.button1.Name = ""button1"";"
Api.0001,Binary incompatible for selected .NET version,Active,Mandatory,1,WindowsFormsApp2\SimConnect_To_IP.csproj,File,WindowsFormsApp2\frmMain.Designer.cs,90,12,T:System.Windows.Forms.Button,,,,,"this.button1.Location = new System.Drawing.Point(299, 25);"
Api.0001,Binary incompatible for selected .NET version,Active,Mandatory,1,WindowsFormsApp2\SimConnect_To_IP.csproj,File,WindowsFormsApp2\frmMain.Designer.cs,90,12,P:System.Windows.Forms.Control.Location,,,,,"this.button1.Location = new System.Drawing.Point(299, 25);"
Api.0001,Binary incompatible for selected .NET version,Active,Mandatory,1,WindowsFormsApp2\SimConnect_To_IP.csproj,File,WindowsFormsApp2\frmMain.Designer.cs,86,12,T:System.Windows.Forms.Timer,,,,,this.timer1.Tick += new System.EventHandler(this.timer1_Tick);
Api.0001,Binary incompatible for selected .NET version,Active,Mandatory,1,WindowsFormsApp2\SimConnect_To_IP.csproj,File,WindowsFormsApp2\frmMain.Designer.cs,86,12,E:System.Windows.Forms.Timer.Tick,,,,,this.timer1.Tick += new System.EventHandler(this.timer1_Tick);
Api.0001,Binary incompatible for selected .NET version,Active,Mandatory,1,WindowsFormsApp2\SimConnect_To_IP.csproj,File,WindowsFormsApp2\frmMain.Designer.cs,82,12,T:System.Windows.Forms.RichTextBox,,,,,this.richResponse.TextChanged += new System.EventHandler(this.richResponse_TextChanged);
Api.0001,Binary incompatible for selected .NET version,Active,Mandatory,1,WindowsFormsApp2\SimConnect_To_IP.csproj,File,WindowsFormsApp2\frmMain.Designer.cs,82,12,E:System.Windows.Forms.Control.TextChanged,,,,,this.richResponse.TextChanged += new System.EventHandler(this.richResponse_TextChanged);
Api.0001,Binary incompatible for selected .NET version,Active,Mandatory,1,WindowsFormsApp2\SimConnect_To_IP.csproj,File,WindowsFormsApp2\frmMain.Designer.cs,81,12,T:System.Windows.Forms.RichTextBox,,,,,"this.richResponse.Text = """";"
Api.0001,Binary incompatible for selected .NET version,Active,Mandatory,1,WindowsFormsApp2\SimConnect_To_IP.csproj,File,WindowsFormsApp2\frmMain.Designer.cs,81,12,P:System.Windows.Forms.RichTextBox.Text,,,,,"this.richResponse.Text = """";"
Api.0001,Binary incompatible for selected .NET version,Active,Mandatory,1,WindowsFormsApp2\SimConnect_To_IP.csproj,File,WindowsFormsApp2\frmMain.Designer.cs,80,12,T:System.Windows.Forms.RichTextBox,,,,,this.richResponse.TabIndex = 3;
Api.0001,Binary incompatible for selected .NET version,Active,Mandatory,1,WindowsFormsApp2\SimConnect_To_IP.csproj,File,WindowsFormsApp2\frmMain.Designer.cs,80,12,P:System.Windows.Forms.Control.TabIndex,,,,,this.richResponse.TabIndex = 3;
Api.0001,Binary incompatible for selected .NET version,Active,Mandatory,1,WindowsFormsApp2\SimConnect_To_IP.csproj,File,WindowsFormsApp2\frmMain.Designer.cs,79,12,T:System.Windows.Forms.RichTextBox,,,,,"this.richResponse.Size = new System.Drawing.Size(369, 346);"
Api.0001,Binary incompatible for selected .NET version,Active,Mandatory,1,WindowsFormsApp2\SimConnect_To_IP.csproj,File,WindowsFormsApp2\frmMain.Designer.cs,79,12,P:System.Windows.Forms.Control.Size,,,,,"this.richResponse.Size = new System.Drawing.Size(369, 346);"
Api.0001,Binary incompatible for selected .NET version,Active,Mandatory,1,WindowsFormsApp2\SimConnect_To_IP.csproj,File,WindowsFormsApp2\frmMain.Designer.cs,78,12,T:System.Windows.Forms.RichTextBox,,,,,"this.richResponse.Name = ""richResponse"";"
Api.0001,Binary incompatible for selected .NET version,Active,Mandatory,1,WindowsFormsApp2\SimConnect_To_IP.csproj,File,WindowsFormsApp2\frmMain.Designer.cs,78,12,P:System.Windows.Forms.Control.Name,,,,,"this.richResponse.Name = ""richResponse"";"
Api.0001,Binary incompatible for selected .NET version,Active,Mandatory,1,WindowsFormsApp2\SimConnect_To_IP.csproj,File,WindowsFormsApp2\frmMain.Designer.cs,77,12,T:System.Windows.Forms.RichTextBox,,,,,"this.richResponse.Location = new System.Drawing.Point(53, 66);"
Api.0001,Binary incompatible for selected .NET version,Active,Mandatory,1,WindowsFormsApp2\SimConnect_To_IP.csproj,File,WindowsFormsApp2\frmMain.Designer.cs,77,12,P:System.Windows.Forms.Control.Location,,,,,"this.richResponse.Location = new System.Drawing.Point(53, 66);"
Api.0001,Binary incompatible for selected .NET version,Active,Mandatory,1,WindowsFormsApp2\SimConnect_To_IP.csproj,File,WindowsFormsApp2\frmMain.Designer.cs,73,12,T:System.Windows.Forms.Button,,,,,this.buttonRequestData.Click += new System.EventHandler(this.buttonRequestData_Click);
Api.0001,Binary incompatible for selected .NET version,Active,Mandatory,1,WindowsFormsApp2\SimConnect_To_IP.csproj,File,WindowsFormsApp2\frmMain.Designer.cs,73,12,E:System.Windows.Forms.Control.Click,,,,,this.buttonRequestData.Click += new System.EventHandler(this.buttonRequestData_Click);
Api.0001,Binary incompatible for selected .NET version,Active,Mandatory,1,WindowsFormsApp2\SimConnect_To_IP.csproj,File,WindowsFormsApp2\frmMain.Designer.cs,72,12,T:System.Windows.Forms.Button,,,,,this.buttonRequestData.UseVisualStyleBackColor = true;
Api.0001,Binary incompatible for selected .NET version,Active,Mandatory,1,WindowsFormsApp2\SimConnect_To_IP.csproj,File,WindowsFormsApp2\frmMain.Designer.cs,72,12,P:System.Windows.Forms.ButtonBase.UseVisualStyleBackColor,,,,,this.buttonRequestData.UseVisualStyleBackColor = true;
Api.0001,Binary incompatible for selected .NET version,Active,Mandatory,1,WindowsFormsApp2\SimConnect_To_IP.csproj,File,WindowsFormsApp2\frmMain.Designer.cs,71,12,T:System.Windows.Forms.Button,,,,,"this.buttonRequestData.Text = ""Request Data"";"
Api.0001,Binary incompatible for selected .NET version,Active,Mandatory,1,WindowsFormsApp2\SimConnect_To_IP.csproj,File,WindowsFormsApp2\frmMain.Designer.cs,71,12,P:System.Windows.Forms.ButtonBase.Text,,,,,"this.buttonRequestData.Text = ""Request Data"";"
Api.0001,Binary incompatible for selected .NET version,Active,Mandatory,1,WindowsFormsApp2\SimConnect_To_IP.csproj,File,WindowsFormsApp2\frmMain.Designer.cs,70,12,T:System.Windows.Forms.Button,,,,,this.buttonRequestData.TabIndex = 2;
Api.0001,Binary incompatible for selected .NET version,Active,Mandatory,1,WindowsFormsApp2\SimConnect_To_IP.csproj,File,WindowsFormsApp2\frmMain.Designer.cs,70,12,P:System.Windows.Forms.Control.TabIndex,,,,,this.buttonRequestData.TabIndex = 2;
Api.0001,Binary incompatible for selected .NET version,Active,Mandatory,1,WindowsFormsApp2\SimConnect_To_IP.csproj,File,WindowsFormsApp2\frmMain.Designer.cs,69,12,T:System.Windows.Forms.Button,,,,,"this.buttonRequestData.Size = new System.Drawing.Size(75, 23);"
Api.0001,Binary incompatible for selected .NET version,Active,Mandatory,1,WindowsFormsApp2\SimConnect_To_IP.csproj,File,WindowsFormsApp2\frmMain.Designer.cs,69,12,P:System.Windows.Forms.Control.Size,,,,,"this.buttonRequestData.Size = new System.Drawing.Size(75, 23);"
Api.0001,Binary incompatible for selected .NET version,Active,Mandatory,1,WindowsFormsApp2\SimConnect_To_IP.csproj,File,WindowsFormsApp2\frmMain.Designer.cs,68,12,T:System.Windows.Forms.Button,,,,,"this.buttonRequestData.Name = ""buttonRequestData"";"
Api.0001,Binary incompatible for selected .NET version,Active,Mandatory,1,WindowsFormsApp2\SimConnect_To_IP.csproj,File,WindowsFormsApp2\frmMain.Designer.cs,68,12,P:System.Windows.Forms.Control.Name,,,,,"this.buttonRequestData.Name = ""buttonRequestData"";"
Api.0001,Binary incompatible for selected .NET version,Active,Mandatory,1,WindowsFormsApp2\SimConnect_To_IP.csproj,File,WindowsFormsApp2\frmMain.Designer.cs,67,12,T:System.Windows.Forms.Button,,,,,"this.buttonRequestData.Location = new System.Drawing.Point(207, 25);"
Api.0001,Binary incompatible for selected .NET version,Active,Mandatory,1,WindowsFormsApp2\SimConnect_To_IP.csproj,File,WindowsFormsApp2\frmMain.Designer.cs,67,12,P:System.Windows.Forms.Control.Location,,,,,"this.buttonRequestData.Location = new System.Drawing.Point(207, 25);"
Api.0001,Binary incompatible for selected .NET version,Active,Mandatory,1,WindowsFormsApp2\SimConnect_To_IP.csproj,File,WindowsFormsApp2\frmMain.Designer.cs,63,12,T:System.Windows.Forms.Button,,,,,this.buttonDisconnect.Click += new System.EventHandler(this.buttonDisconnect_Click);
Api.0001,Binary incompatible for selected .NET version,Active,Mandatory,1,WindowsFormsApp2\SimConnect_To_IP.csproj,File,WindowsFormsApp2\frmMain.Designer.cs,63,12,E:System.Windows.Forms.Control.Click,,,,,this.buttonDisconnect.Click += new System.EventHandler(this.buttonDisconnect_Click);
Api.0001,Binary incompatible for selected .NET version,Active,Mandatory,1,WindowsFormsApp2\SimConnect_To_IP.csproj,File,WindowsFormsApp2\frmMain.Designer.cs,62,12,T:System.Windows.Forms.Button,,,,,this.buttonDisconnect.UseVisualStyleBackColor = true;
Api.0001,Binary incompatible for selected .NET version,Active,Mandatory,1,WindowsFormsApp2\SimConnect_To_IP.csproj,File,WindowsFormsApp2\frmMain.Designer.cs,62,12,P:System.Windows.Forms.ButtonBase.UseVisualStyleBackColor,,,,,this.buttonDisconnect.UseVisualStyleBackColor = true;
Api.0001,Binary incompatible for selected .NET version,Active,Mandatory,1,WindowsFormsApp2\SimConnect_To_IP.csproj,File,WindowsFormsApp2\frmMain.Designer.cs,61,12,T:System.Windows.Forms.Button,,,,,"this.buttonDisconnect.Text = ""Disconnect"";"
Api.0001,Binary incompatible for selected .NET version,Active,Mandatory,1,WindowsFormsApp2\SimConnect_To_IP.csproj,File,WindowsFormsApp2\frmMain.Designer.cs,61,12,P:System.Windows.Forms.ButtonBase.Text,,,,,"this.buttonDisconnect.Text = ""Disconnect"";"
Api.0001,Binary incompatible for selected .NET version,Active,Mandatory,1,WindowsFormsApp2\SimConnect_To_IP.csproj,File,WindowsFormsApp2\frmMain.Designer.cs,60,12,T:System.Windows.Forms.Button,,,,,this.buttonDisconnect.TabIndex = 1;
Api.0001,Binary incompatible for selected .NET version,Active,Mandatory,1,WindowsFormsApp2\SimConnect_To_IP.csproj,File,WindowsFormsApp2\frmMain.Designer.cs,60,12,P:System.Windows.Forms.Control.TabIndex,,,,,this.buttonDisconnect.TabIndex = 1;
Api.0001,Binary incompatible for selected .NET version,Active,Mandatory,1,WindowsFormsApp2\SimConnect_To_IP.csproj,File,WindowsFormsApp2\frmMain.Designer.cs,59,12,T:System.Windows.Forms.Button,,,,,"this.buttonDisconnect.Size = new System.Drawing.Size(75, 23);"
Api.0001,Binary incompatible for selected .NET version,Active,Mandatory,1,WindowsFormsApp2\SimConnect_To_IP.csproj,File,WindowsFormsApp2\frmMain.Designer.cs,59,12,P:System.Windows.Forms.Control.Size,,,,,"this.buttonDisconnect.Size = new System.Drawing.Size(75, 23);"
Api.0001,Binary incompatible for selected .NET version,Active,Mandatory,1,WindowsFormsApp2\SimConnect_To_IP.csproj,File,WindowsFormsApp2\frmMain.Designer.cs,58,12,T:System.Windows.Forms.Button,,,,,"this.buttonDisconnect.Name = ""buttonDisconnect"";"
Api.0001,Binary incompatible for selected .NET version,Active,Mandatory,1,WindowsFormsApp2\SimConnect_To_IP.csproj,File,WindowsFormsApp2\frmMain.Designer.cs,58,12,P:System.Windows.Forms.Control.Name,,,,,"this.buttonDisconnect.Name = ""buttonDisconnect"";"
Api.0001,Binary incompatible for selected .NET version,Active,Mandatory,1,WindowsFormsApp2\SimConnect_To_IP.csproj,File,WindowsFormsApp2\frmMain.Designer.cs,57,12,T:System.Windows.Forms.Button,,,,,"this.buttonDisconnect.Location = new System.Drawing.Point(115, 25);"
Api.0001,Binary incompatible for selected .NET version,Active,Mandatory,1,WindowsFormsApp2\SimConnect_To_IP.csproj,File,WindowsFormsApp2\frmMain.Designer.cs,57,12,P:System.Windows.Forms.Control.Location,,,,,"this.buttonDisconnect.Location = new System.Drawing.Point(115, 25);"
Api.0001,Binary incompatible for selected .NET version,Active,Mandatory,1,WindowsFormsApp2\SimConnect_To_IP.csproj,File,WindowsFormsApp2\frmMain.Designer.cs,53,12,T:System.Windows.Forms.Button,,,,,this.buttonConnect.Click += new System.EventHandler(this.buttonConnect_Click);
Api.0001,Binary incompatible for selected .NET version,Active,Mandatory,1,WindowsFormsApp2\SimConnect_To_IP.csproj,File,WindowsFormsApp2\frmMain.Designer.cs,53,12,E:System.Windows.Forms.Control.Click,,,,,this.buttonConnect.Click += new System.EventHandler(this.buttonConnect_Click);
Api.0001,Binary incompatible for selected .NET version,Active,Mandatory,1,WindowsFormsApp2\SimConnect_To_IP.csproj,File,WindowsFormsApp2\frmMain.Designer.cs,52,12,T:System.Windows.Forms.Button,,,,,this.buttonConnect.UseVisualStyleBackColor = true;
Api.0001,Binary incompatible for selected .NET version,Active,Mandatory,1,WindowsFormsApp2\SimConnect_To_IP.csproj,File,WindowsFormsApp2\frmMain.Designer.cs,52,12,P:System.Windows.Forms.ButtonBase.UseVisualStyleBackColor,,,,,this.buttonConnect.UseVisualStyleBackColor = true;
Api.0001,Binary incompatible for selected .NET version,Active,Mandatory,1,WindowsFormsApp2\SimConnect_To_IP.csproj,File,WindowsFormsApp2\frmMain.Designer.cs,51,12,T:System.Windows.Forms.Button,,,,,"this.buttonConnect.Text = ""Connect"";"
Api.0001,Binary incompatible for selected .NET version,Active,Mandatory,1,WindowsFormsApp2\SimConnect_To_IP.csproj,File,WindowsFormsApp2\frmMain.Designer.cs,51,12,P:System.Windows.Forms.ButtonBase.Text,,,,,"this.buttonConnect.Text = ""Connect"";"
Api.0001,Binary incompatible for selected .NET version,Active,Mandatory,1,WindowsFormsApp2\SimConnect_To_IP.csproj,File,WindowsFormsApp2\frmMain.Designer.cs,50,12,T:System.Windows.Forms.Button,,,,,this.buttonConnect.TabIndex = 0;
Api.0001,Binary incompatible for selected .NET version,Active,Mandatory,1,WindowsFormsApp2\SimConnect_To_IP.csproj,File,WindowsFormsApp2\frmMain.Designer.cs,50,12,P:System.Windows.Forms.Control.TabIndex,,,,,this.buttonConnect.TabIndex = 0;
Api.0001,Binary incompatible for selected .NET version,Active,Mandatory,1,WindowsFormsApp2\SimConnect_To_IP.csproj,File,WindowsFormsApp2\frmMain.Designer.cs,49,12,T:System.Windows.Forms.Button,,,,,"this.buttonConnect.Size = new System.Drawing.Size(75, 23);"
Api.0001,Binary incompatible for selected .NET version,Active,Mandatory,1,WindowsFormsApp2\SimConnect_To_IP.csproj,File,WindowsFormsApp2\frmMain.Designer.cs,49,12,P:System.Windows.Forms.Control.Size,,,,,"this.buttonConnect.Size = new System.Drawing.Size(75, 23);"
Api.0001,Binary incompatible for selected .NET version,Active,Mandatory,1,WindowsFormsApp2\SimConnect_To_IP.csproj,File,WindowsFormsApp2\frmMain.Designer.cs,48,12,T:System.Windows.Forms.Button,,,,,"this.buttonConnect.Name = ""buttonConnect"";"
Api.0001,Binary incompatible for selected .NET version,Active,Mandatory,1,WindowsFormsApp2\SimConnect_To_IP.csproj,File,WindowsFormsApp2\frmMain.Designer.cs,48,12,P:System.Windows.Forms.Control.Name,,,,,"this.buttonConnect.Name = ""buttonConnect"";"
Api.0001,Binary incompatible for selected .NET version,Active,Mandatory,1,WindowsFormsApp2\SimConnect_To_IP.csproj,File,WindowsFormsApp2\frmMain.Designer.cs,47,12,T:System.Windows.Forms.Button,,,,,"this.buttonConnect.Location = new System.Drawing.Point(23, 25);"
Api.0001,Binary incompatible for selected .NET version,Active,Mandatory,1,WindowsFormsApp2\SimConnect_To_IP.csproj,File,WindowsFormsApp2\frmMain.Designer.cs,47,12,P:System.Windows.Forms.Control.Location,,,,,"this.buttonConnect.Location = new System.Drawing.Point(23, 25);"
Api.0001,Binary incompatible for selected .NET version,Active,Mandatory,1,WindowsFormsApp2\SimConnect_To_IP.csproj,File,WindowsFormsApp2\frmMain.Designer.cs,43,12,M:System.Windows.Forms.Control.SuspendLayout,,,,,this.SuspendLayout();
Api.0001,Binary incompatible for selected .NET version,Active,Mandatory,1,WindowsFormsApp2\SimConnect_To_IP.csproj,File,WindowsFormsApp2\frmMain.Designer.cs,42,12,T:System.Windows.Forms.ListBox,,,,,this.listBoxLogs = new System.Windows.Forms.ListBox();
Api.0001,Binary incompatible for selected .NET version,Active,Mandatory,1,WindowsFormsApp2\SimConnect_To_IP.csproj,File,WindowsFormsApp2\frmMain.Designer.cs,42,12,M:System.Windows.Forms.ListBox.#ctor,,,,,this.listBoxLogs = new System.Windows.Forms.ListBox();
Api.0001,Binary incompatible for selected .NET version,Active,Mandatory,1,WindowsFormsApp2\SimConnect_To_IP.csproj,File,WindowsFormsApp2\frmMain.Designer.cs,42,12,T:System.Windows.Forms.ListBox,,,,,this.listBoxLogs = new System.Windows.Forms.ListBox();
Api.0001,Binary incompatible for selected .NET version,Active,Mandatory,1,WindowsFormsApp2\SimConnect_To_IP.csproj,File,WindowsFormsApp2\frmMain.Designer.cs,41,12,T:System.Windows.Forms.Button,,,,,this.button4 = new System.Windows.Forms.Button();
Api.0001,Binary incompatible for selected .NET version,Active,Mandatory,1,WindowsFormsApp2\SimConnect_To_IP.csproj,File,WindowsFormsApp2\frmMain.Designer.cs,41,12,M:System.Windows.Forms.Button.#ctor,,,,,this.button4 = new System.Windows.Forms.Button();
Api.0001,Binary incompatible for selected .NET version,Active,Mandatory,1,WindowsFormsApp2\SimConnect_To_IP.csproj,File,WindowsFormsApp2\frmMain.Designer.cs,41,12,T:System.Windows.Forms.Button,,,,,this.button4 = new System.Windows.Forms.Button();
Api.0001,Binary incompatible for selected .NET version,Active,Mandatory,1,WindowsFormsApp2\SimConnect_To_IP.csproj,File,WindowsFormsApp2\frmMain.Designer.cs,40,12,T:System.Windows.Forms.Label,,,,,this.label1 = new System.Windows.Forms.Label();
Api.0001,Binary incompatible for selected .NET version,Active,Mandatory,1,WindowsFormsApp2\SimConnect_To_IP.csproj,File,WindowsFormsApp2\frmMain.Designer.cs,40,12,M:System.Windows.Forms.Label.#ctor,,,,,this.label1 = new System.Windows.Forms.Label();
Api.0001,Binary incompatible for selected .NET version,Active,Mandatory,1,WindowsFormsApp2\SimConnect_To_IP.csproj,File,WindowsFormsApp2\frmMain.Designer.cs,40,12,T:System.Windows.Forms.Label,,,,,this.label1 = new System.Windows.Forms.Label();
Api.0001,Binary incompatible for selected .NET version,Active,Mandatory,1,WindowsFormsApp2\SimConnect_To_IP.csproj,File,WindowsFormsApp2\frmMain.Designer.cs,39,12,T:System.Windows.Forms.Button,,,,,this.btn_SendUDP = new System.Windows.Forms.Button();
Api.0001,Binary incompatible for selected .NET version,Active,Mandatory,1,WindowsFormsApp2\SimConnect_To_IP.csproj,File,WindowsFormsApp2\frmMain.Designer.cs,39,12,M:System.Windows.Forms.Button.#ctor,,,,,this.btn_SendUDP = new System.Windows.Forms.Button();
Api.0001,Binary incompatible for selected .NET version,Active,Mandatory,1,WindowsFormsApp2\SimConnect_To_IP.csproj,File,WindowsFormsApp2\frmMain.Designer.cs,39,12,T:System.Windows.Forms.Button,,,,,this.btn_SendUDP = new System.Windows.Forms.Button();
Api.0001,Binary incompatible for selected .NET version,Active,Mandatory,1,WindowsFormsApp2\SimConnect_To_IP.csproj,File,WindowsFormsApp2\frmMain.Designer.cs,38,12,T:System.Windows.Forms.Button,,,,,this.button3 = new System.Windows.Forms.Button();
Api.0001,Binary incompatible for selected .NET version,Active,Mandatory,1,WindowsFormsApp2\SimConnect_To_IP.csproj,File,WindowsFormsApp2\frmMain.Designer.cs,38,12,M:System.Windows.Forms.Button.#ctor,,,,,this.button3 = new System.Windows.Forms.Button();
Api.0001,Binary incompatible for selected .NET version,Active,Mandatory,1,WindowsFormsApp2\SimConnect_To_IP.csproj,File,WindowsFormsApp2\frmMain.Designer.cs,38,12,T:System.Windows.Forms.Button,,,,,this.button3 = new System.Windows.Forms.Button();
Api.0001,Binary incompatible for selected .NET version,Active,Mandatory,1,WindowsFormsApp2\SimConnect_To_IP.csproj,File,WindowsFormsApp2\frmMain.Designer.cs,37,12,T:System.Windows.Forms.Button,,,,,this.button2 = new System.Windows.Forms.Button();
Api.0001,Binary incompatible for selected .NET version,Active,Mandatory,1,WindowsFormsApp2\SimConnect_To_IP.csproj,File,WindowsFormsApp2\frmMain.Designer.cs,37,12,M:System.Windows.Forms.Button.#ctor,,,,,this.button2 = new System.Windows.Forms.Button();
Api.0001,Binary incompatible for selected .NET version,Active,Mandatory,1,WindowsFormsApp2\SimConnect_To_IP.csproj,File,WindowsFormsApp2\frmMain.Designer.cs,37,12,T:System.Windows.Forms.Button,,,,,this.button2 = new System.Windows.Forms.Button();
Api.0001,Binary incompatible for selected .NET version,Active,Mandatory,1,WindowsFormsApp2\SimConnect_To_IP.csproj,File,WindowsFormsApp2\frmMain.Designer.cs,36,12,T:System.Windows.Forms.Button,,,,,this.button1 = new System.Windows.Forms.Button();
Api.0001,Binary incompatible for selected .NET version,Active,Mandatory,1,WindowsFormsApp2\SimConnect_To_IP.csproj,File,WindowsFormsApp2\frmMain.Designer.cs,36,12,M:System.Windows.Forms.Button.#ctor,,,,,this.button1 = new System.Windows.Forms.Button();
Api.0001,Binary incompatible for selected .NET version,Active,Mandatory,1,WindowsFormsApp2\SimConnect_To_IP.csproj,File,WindowsFormsApp2\frmMain.Designer.cs,36,12,T:System.Windows.Forms.Button,,,,,this.button1 = new System.Windows.Forms.Button();
Api.0001,Binary incompatible for selected .NET version,Active,Mandatory,1,WindowsFormsApp2\SimConnect_To_IP.csproj,File,WindowsFormsApp2\frmMain.Designer.cs,35,12,T:System.Windows.Forms.Timer,,,,,this.timer1 = new System.Windows.Forms.Timer(this.components);
Api.0001,Binary incompatible for selected .NET version,Active,Mandatory,1,WindowsFormsApp2\SimConnect_To_IP.csproj,File,WindowsFormsApp2\frmMain.Designer.cs,35,12,M:System.Windows.Forms.Timer.#ctor(System.ComponentModel.IContainer),,,,,this.timer1 = new System.Windows.Forms.Timer(this.components);
Api.0001,Binary incompatible for selected .NET version,Active,Mandatory,1,WindowsFormsApp2\SimConnect_To_IP.csproj,File,WindowsFormsApp2\frmMain.Designer.cs,35,12,T:System.Windows.Forms.Timer,,,,,this.timer1 = new System.Windows.Forms.Timer(this.components);
Api.0001,Binary incompatible for selected .NET version,Active,Mandatory,1,WindowsFormsApp2\SimConnect_To_IP.csproj,File,WindowsFormsApp2\frmMain.Designer.cs,34,12,T:System.Windows.Forms.RichTextBox,,,,,this.richResponse = new System.Windows.Forms.RichTextBox();
Api.0001,Binary incompatible for selected .NET version,Active,Mandatory,1,WindowsFormsApp2\SimConnect_To_IP.csproj,File,WindowsFormsApp2\frmMain.Designer.cs,34,12,M:System.Windows.Forms.RichTextBox.#ctor,,,,,this.richResponse = new System.Windows.Forms.RichTextBox();
Api.0001,Binary incompatible for selected .NET version,Active,Mandatory,1,WindowsFormsApp2\SimConnect_To_IP.csproj,File,WindowsFormsApp2\frmMain.Designer.cs,34,12,T:System.Windows.Forms.RichTextBox,,,,,this.richResponse = new System.Windows.Forms.RichTextBox();
Api.0001,Binary incompatible for selected .NET version,Active,Mandatory,1,WindowsFormsApp2\SimConnect_To_IP.csproj,File,WindowsFormsApp2\frmMain.Designer.cs,33,12,T:System.Windows.Forms.Button,,,,,this.buttonRequestData = new System.Windows.Forms.Button();
Api.0001,Binary incompatible for selected .NET version,Active,Mandatory,1,WindowsFormsApp2\SimConnect_To_IP.csproj,File,WindowsFormsApp2\frmMain.Designer.cs,33,12,M:System.Windows.Forms.Button.#ctor,,,,,this.buttonRequestData = new System.Windows.Forms.Button();
Api.0001,Binary incompatible for selected .NET version,Active,Mandatory,1,WindowsFormsApp2\SimConnect_To_IP.csproj,File,WindowsFormsApp2\frmMain.Designer.cs,33,12,T:System.Windows.Forms.Button,,,,,this.buttonRequestData = new System.Windows.Forms.Button();
Api.0001,Binary incompatible for selected .NET version,Active,Mandatory,1,WindowsFormsApp2\SimConnect_To_IP.csproj,File,WindowsFormsApp2\frmMain.Designer.cs,32,12,T:System.Windows.Forms.Button,,,,,this.buttonDisconnect = new System.Windows.Forms.Button();
Api.0001,Binary incompatible for selected .NET version,Active,Mandatory,1,WindowsFormsApp2\SimConnect_To_IP.csproj,File,WindowsFormsApp2\frmMain.Designer.cs,32,12,M:System.Windows.Forms.Button.#ctor,,,,,this.buttonDisconnect = new System.Windows.Forms.Button();
Api.0001,Binary incompatible for selected .NET version,Active,Mandatory,1,WindowsFormsApp2\SimConnect_To_IP.csproj,File,WindowsFormsApp2\frmMain.Designer.cs,32,12,T:System.Windows.Forms.Button,,,,,this.buttonDisconnect = new System.Windows.Forms.Button();
Api.0001,Binary incompatible for selected .NET version,Active,Mandatory,1,WindowsFormsApp2\SimConnect_To_IP.csproj,File,WindowsFormsApp2\frmMain.Designer.cs,31,12,T:System.Windows.Forms.Button,,,,,this.buttonConnect = new System.Windows.Forms.Button();
Api.0001,Binary incompatible for selected .NET version,Active,Mandatory,1,WindowsFormsApp2\SimConnect_To_IP.csproj,File,WindowsFormsApp2\frmMain.Designer.cs,31,12,M:System.Windows.Forms.Button.#ctor,,,,,this.buttonConnect = new System.Windows.Forms.Button();
Api.0001,Binary incompatible for selected .NET version,Active,Mandatory,1,WindowsFormsApp2\SimConnect_To_IP.csproj,File,WindowsFormsApp2\frmMain.Designer.cs,31,12,T:System.Windows.Forms.Button,,,,,this.buttonConnect = new System.Windows.Forms.Button();
Api.0001,Binary incompatible for selected .NET version,Active,Mandatory,1,WindowsFormsApp2\SimConnect_To_IP.csproj,File,WindowsFormsApp2\frmMain.Designer.cs,19,12,M:System.Windows.Forms.Form.Dispose(System.Boolean),,,,,base.Dispose(disposing);
Api.0001,Binary incompatible for selected .NET version,Active,Mandatory,1,WindowsFormsApp2\SimConnect_To_IP.csproj,File,WindowsFormsApp2\frmMain.cs,239,8,M:System.Windows.Forms.Form.#ctor,,,,,"public frmMain()          {              InitializeComponent();              StartListener();                  setButtons(true, false, false);              udpClient.Connect(""172.16.1.2"", 13136);              OutputClient.Connect(""172.16.1.2"", 26028);              TimeLastPacketSent = DateTime.Now;              }"
Api.0001,Binary incompatible for selected .NET version,Active,Mandatory,1,WindowsFormsApp2\SimConnect_To_IP.csproj,File,WindowsFormsApp2\frmMain.cs,67,35,T:System.Windows.Forms.Form,,,,,Form
